,Date,Open,Close,Volume,Open_Close,MA20,OC-%-MA20,MaxOC_Prev10,MA20_Volume,Volume-%-MA20_Volume,Breakout
19,2023-03-27 00:00:00-04:00,159.0908109476066,157.4396209716797,52390300,-1.6511899759269113,0.38345206489844375,-530.6118357621114,3.670410769679904,67763210.0,-22.686218672344477,False
20,2023-03-28 00:00:00-04:00,157.13128131197888,156.81297302246094,45992200,-0.3183082895179439,0.34963219053618816,-191.0408990172768,3.670410769679904,67535470.0,-31.899193120296637,False
21,2023-03-29 00:00:00-04:00,158.5238364038753,159.91641235351562,51305700,1.3925759496403316,0.4948576909540094,181.40937790734537,3.670410769679904,67326805.0,-23.79602745147345,False
22,2023-03-30 00:00:00-04:00,160.67239072125042,161.49798583984375,49501700,0.825595118593327,0.46004366562609533,79.46016438890324,2.3176158328667213,67189985.0,-26.32577608106327,False
23,2023-03-31 00:00:00-04:00,161.5775296717217,164.0244598388672,68749800,2.4469301671454957,0.4336836421742646,464.2200740793124,2.4469301671454957,67090860.0,2.472676606023533,False
24,2023-04-03 00:00:00-04:00,163.39784400301394,165.28775024414062,56976200,1.8899062411266812,0.5261891478145969,259.16860866020573,2.4469301671454957,65561770.0,-13.095390804732697,False
25,2023-04-04 00:00:00-04:00,165.7154921523834,164.75064086914062,46278300,-0.9648512832427798,0.5823886546229744,-265.6713735035589,2.4469301671454957,65066585.0,-28.875474254565535,False
26,2023-04-05 00:00:00-04:00,163.86534120069717,162.89053344726562,51511700,-0.9748077534315485,0.5306643162261893,-283.6957420396906,2.4469301671454957,65281930.0,-21.09347870076758,False
27,2023-04-06 00:00:00-04:00,161.5675955168882,163.7857666015625,45390100,2.21817108467431,0.7892844975948193,181.03568376595842,2.4469301671454957,64859755.0,-30.018082862015127,False
28,2023-04-10 00:00:00-04:00,160.56297681334848,161.16973876953125,47716900,0.6067619561827655,0.904668980802785,-32.92994796347088,2.4469301671454957,63816980.0,-25.228520685247094,False
29,2023-04-11 00:00:00-04:00,161.48803207823502,159.94625854492188,47644200,-1.5417735333131475,0.6952862578278299,-321.7465850871065,2.4469301671454957,61976335.0,-23.125173503725254,False
30,2023-04-12 00:00:00-04:00,160.3640488170674,159.25,50133100,-1.1140488170674132,0.5744317058474578,-293.9392978707294,2.4469301671454957,60798195.0,-17.54179544310485,False
31,2023-04-13 00:00:00-04:00,160.77185745878992,164.6809844970703,68445600,3.9091270382803884,0.6803657437378888,474.56258993932846,3.9091270382803884,60362080.0,13.391718774435871,False
32,2023-04-14 00:00:00-04:00,163.71612147570508,164.3328399658203,49386500,0.6167184901152325,0.5276811297596552,16.873326585722605,3.9091270382803884,59023350.0,-16.327182377821657,False
33,2023-04-17 00:00:00-04:00,164.2134813381434,164.3527374267578,41516200,0.13925608861441674,0.5883573193047169,-76.33137482185474,3.9091270382803884,56151930.0,-26.064518174174957,False
34,2023-04-18 00:00:00-04:00,165.21813567008115,165.58616638183594,49923000,0.3680307117547841,0.4908780632491201,-25.026042247887357,3.9091270382803884,54966010.0,-9.174779104395608,False
35,2023-04-19 00:00:00-04:00,164.919704613956,166.739990234375,47720200,1.820285620419014,0.4844130851453201,275.771356356516,3.9091270382803884,53655105.0,-11.061212162384177,False
36,2023-04-20 00:00:00-04:00,165.2081733948195,165.76519775390625,52456400,0.5570243590867392,0.5853741231128581,-4.843016270579687,3.9091270382803884,52492835.0,-0.06940947274042257,False
37,2023-04-21 00:00:00-04:00,164.1736993693865,164.14385986328125,58337300,-0.029839506105247438,0.5789091502474847,-105.15443676999939,3.9091270382803884,52028595.0,12.125457164468886,False
38,2023-04-24 00:00:00-04:00,164.12395973185951,164.45220947265625,41949600,0.3282497407967355,0.5261906703912616,-37.617719342561195,3.9091270382803884,51166250.0,-18.013143429506755,False
39,2023-04-25 00:00:00-04:00,164.31294099423323,162.90048217773438,48714100,-1.4124588164988552,0.5381272283626644,-362.4767419400948,3.9091270382803884,50982440.0,-4.449257430597672,False
40,2023-04-26 00:00:00-04:00,162.19425303608213,162.89053344726562,45498800,0.6962804111834942,0.5888566633977362,18.242766782312835,3.9091270382803884,50957770.0,-10.71273330838457,False
41,2023-04-27 00:00:00-04:00,164.31294881528854,167.51585388183594,64902300,3.2029050665474017,0.6793731192430897,371.45007299020835,3.2029050665474017,51637600.0,25.688064511131422,False
42,2023-04-28 00:00:00-04:00,167.59544456427028,168.77911376953125,55209200,1.1836692052609692,0.6972768235764718,69.75599435381974,3.2029050665474017,51922975.0,6.329038349593797,False
43,2023-05-01 00:00:00-04:00,168.3812387686828,168.68959045410156,52472900,0.30835168541875646,0.5903478994901349,-47.767801717416084,3.2029050665474017,51109130.0,2.668349079704546,False
44,2023-05-02 00:00:00-04:00,169.18693041616754,167.64515686035156,48425700,-1.541773555815979,0.41876390964300186,-468.17250013983966,3.2029050665474017,50681605.0,-4.451131727181884,False
45,2023-05-03 00:00:00-04:00,168.6000624384739,166.56094360351562,65136000,-2.0391188349582876,0.3650505320572265,-658.5853617215462,3.2029050665474017,51624490.0,26.172675023036547,False
46,2023-05-04 00:00:00-04:00,164.01454398948366,164.90975952148438,81235400,0.8952155320007193,0.45855169632883985,95.22674088173824,3.2029050665474017,53110675.0,52.95493796680234,False
47,2023-05-05 00:00:00-04:00,170.07220763015275,172.64846801757812,113316400,2.5762603874253784,0.47645616146639325,440.7129964478578,3.2029050665474017,56506990.0,100.53519042511378,False
48,2023-05-08 00:00:00-04:00,171.56423819663877,172.57882690429688,55962800,1.0145887076581062,0.4968474990401603,104.20525606310774,3.2029050665474017,56919285.0,-1.6804234276660361,False
49,2023-05-09 00:00:00-04:00,172.13121978381886,170.85801696777344,45326900,-1.2732028160454263,0.5102760349035463,-349.51256358454896,3.2029050665474017,56803420.0,-20.20392434117523,False
50,2023-05-10 00:00:00-04:00,172.1013929754345,172.63851928710938,53724500,0.5371263116748821,0.5928347913406611,-9.396965306269815,3.2029050665474017,56982990.0,-5.718355600504641,False
51,2023-05-11 00:00:00-04:00,172.9269592575836,172.82748413085938,49514700,-0.09947512672422931,0.39240468309043025,-125.35013750111263,2.5762603874253784,56036445.0,-11.638398902714117,False
52,2023-05-12 00:00:00-04:00,172.93704715827894,171.8911895751953,45497800,-1.045857583083631,0.30927587943048707,-438.1633204016798,2.5762603874253784,55842010.0,-18.5240645886493,False
53,2023-05-15 00:00:00-04:00,172.47888207576645,171.39317321777344,37266700,-1.085708857993012,0.24802763210011564,-537.73705727867,2.5762603874253784,55629535.0,-33.009147029541055,False
54,2023-05-16 00:00:00-04:00,171.3134860724021,171.39317321777344,42110300,0.07968714537133792,0.2336104537809433,-65.88887865178302,2.5762603874253784,55238900.0,-23.766946843619262,False
55,2023-05-17 00:00:00-04:00,171.03458601089363,172.01072692871094,57951600,0.9761409178173039,0.1914032186508578,409.99190332211754,2.5762603874253784,55750470.0,3.948181961515302,False
56,2023-05-18 00:00:00-04:00,172.31949567632782,174.36143493652344,65496700,2.041939260195619,0.2656489637063018,668.6607286950164,2.5762603874253784,56402485.0,16.12378426234234,False
57,2023-05-19 00:00:00-04:00,175.69618118157862,174.4710235595703,55772400,-1.225157622008311,0.20588305791114864,-695.0745216427875,2.041939260195619,56274240.0,-0.8917757041232365,False
58,2023-05-22 00:00:00-04:00,173.29564991500888,173.51478576660156,43570900,0.21913585159268223,0.20042736345094597,9.334298381026754,2.041939260195619,56355305.0,-22.68536209678929,False
59,2023-05-23 00:00:00-04:00,172.44900941616157,170.8851776123047,50747300,-1.5638318038568855,0.19285871408304445,-910.869143918228,2.041939260195619,56456965.0,-10.113304886297023,False
60,2023-05-24 00:00:00-04:00,170.4170126302911,171.1640625,45143500,0.7470498697088885,0.19539718700931416,282.3237586697081,2.041939260195619,56439200.0,-20.01392649080781,False
61,2023-05-25 00:00:00-04:00,171.7318194329603,172.30953979492188,56058300,0.5777203619615818,0.06413795178002317,800.746509559606,2.041939260195619,55997000.0,0.10947015018661714,False
62,2023-05-26 00:00:00-04:00,172.63825866576906,174.7399444580078,54835000,2.1016857922387544,0.11003878112891244,1809.950083667858,2.1016857922387544,55978290.0,-2.0423810730910144,False
63,2023-05-30 00:00:00-04:00,176.2639258931609,176.6025848388672,55964400,0.3386589457062996,0.1115541441432896,203.5825771486332,2.1016857922387544,56152865.0,-0.3356284670425988,False
64,2023-05-31 00:00:00-04:00,176.63248255774798,176.55279541015625,99625300,-0.07968714759172713,0.1846584645545022,-143.15380168679317,2.1016857922387544,58712845.0,69.68229013600005,False
65,2023-06-01 00:00:00-04:00,177.00100879870806,179.38160705566406,68901800,2.380598256956006,0.40564431915021687,486.86838310545414,2.380598256956006,58901135.0,16.97873054568473,False
66,2023-06-02 00:00:00-04:00,180.31790735431,180.23822021484372,61945900,-0.07968713946627304,0.35689918557686723,-122.32763275642455,2.380598256956006,57936660.0,6.920039919456869,False
67,2023-06-05 00:00:00-04:00,181.91161710360484,178.8736114501953,121946500,-3.0380056534095274,0.07618588353512194,-4087.622788425099,2.380598256956006,58368165.0,108.92638992505589,False
68,2023-06-06 00:00:00-04:00,179.26208623258174,178.5050811767578,64848400,-0.7570050558239245,-0.01239380463897959,6007.931162986692,2.380598256956006,58812445.0,10.263057419224792,False
69,2023-06-07 00:00:00-04:00,177.73810077247185,177.12054443359375,61944600,-0.6175563388781029,0.02038851921938658,-3128.9415932222028,2.380598256956006,59643330.0,3.858386176626959,False
70,2023-06-08 00:00:00-04:00,177.20021515898222,179.85972595214844,50214900,2.65951079316622,0.12650774329395348,2002.2513910366565,2.65951079316622,59467850.0,-15.559583875993498,False
71,2023-06-09 00:00:00-04:00,180.7860686822557,180.24819946289065,48870700,-0.5378692193650352,0.10458803866191317,-614.2741237396451,2.65951079316622,59435650.0,-17.775442852900575,False
72,2023-06-12 00:00:00-04:00,180.5569856446477,183.0670623779297,54274900,2.510076733281977,0.28238475448019357,788.8853571087649,2.65951079316622,59874505.0,-9.352235980907066,False
73,2023-06-13 00:00:00-04:00,182.08095504969188,182.5889434814453,54929100,0.5079884317534322,0.36206961896751577,40.30131365399316,2.65951079316622,60757625.0,-9.593075766210413,False
74,2023-06-14 00:00:00-04:00,182.64870479112247,183.22642517089844,57462900,0.5777203797759682,0.38697128068774733,49.29283091737732,2.65951079316622,61525255.0,-6.602743865100599,False
75,2023-06-15 00:00:00-04:00,183.23641127991047,185.27833557128903,65433200,2.041924291378564,0.4402604493658103,363.79916577106354,2.65951079316622,61899335.0,5.709051640053969,False
76,2023-06-16 00:00:00-04:00,185.99548959169115,184.19261169433597,101235600,-1.802877897355188,0.24801959148826996,-826.909469746649,2.65951079316622,63686280.0,58.95982619804454,False
77,2023-06-20 00:00:00-04:00,183.68462630132845,184.28225708007807,49799100,0.5976307787496182,0.3391590115261664,76.20961214044301,2.65951079316622,63387615.0,-21.437176647204662,False
78,2023-06-21 00:00:00-04:00,184.17269418441904,183.2364044189453,49515700,-0.936289765473731,0.2813877306728457,-432.7400818915962,2.65951079316622,63684855.0,-22.248861208838427,False
79,2023-06-22 00:00:00-04:00,183.0172485151804,186.2644195556641,51245300,3.2471710404836927,0.5219378728898747,522.1374629330306,3.2471710404836927,63709755.0,-19.564437188622055,False
80,2023-06-23 00:00:00-04:00,184.8201339508181,185.9456787109375,53079300,1.1255447601193964,0.5408626174104001,108.10178479488933,3.2471710404836927,64106545.0,-17.20143395654843,False
81,2023-06-26 00:00:00-04:00,186.0951058133168,184.54124450683597,48088700,-1.553861306480826,0.4342835339882797,-457.79880766162347,3.2471710404836927,63708065.0,-24.51709214524095,False
82,2023-06-27 00:00:00-04:00,185.1587891232395,187.32025146484372,50730800,2.1614623416042207,0.43727236145655296,394.3057307359642,3.2471710404836927,63502855.0,-20.11256816721075,False
83,2023-06-28 00:00:00-04:00,187.19076964423516,188.50558471679688,51216800,1.3148150725617143,0.4860801677993237,170.49346170908385,3.2471710404836927,63265475.0,-19.0446290018371,False
84,2023-06-29 00:00:00-04:00,188.33624985342487,188.84423828125,46347300,0.5079884278251257,0.5154639465701664,-1.450250554821902,3.2471710404836927,60601575.0,-23.52129461981805,False
85,2023-06-30 00:00:00-04:00,190.87622407994112,193.2070159912109,85069600,2.3307919112697846,0.5129736292858553,354.36875858796776,3.2471710404836927,61409965.0,38.52735464024446,False
86,2023-07-03 00:00:00-04:00,193.01777233768289,191.70297241210935,31458200,-1.3147999255735385,0.451217989980492,-391.38907463117386,3.2471710404836927,59885580.0,-47.469490985976925,False
87,2023-07-05 00:00:00-04:00,190.81646927169217,190.5774078369141,46920300,-0.23906143477807973,0.5911652009120644,-140.43902354354583,3.2471710404836927,56134270.0,-16.414161972712925,False
88,2023-07-06 00:00:00-04:00,189.09325926868843,191.05551147460935,45094300,1.9622522059209189,0.7271280639993065,169.86335737452575,3.2471710404836927,55146565.0,-18.228270428085594,False
89,2023-07-07 00:00:00-04:00,190.65708636446035,189.9299468994141,46778000,-0.7271394650462639,0.7216489076908985,-200.76083498455418,2.3307919112697846,54388235.0,-13.992428693448133,False
90,2023-07-10 00:00:00-04:00,188.5155401723345,187.86810302734372,59922200,-0.6474371449907892,0.556301510783048,-216.38241716788778,2.3307919112697846,54873600.0,9.20041695824586,False
91,2023-07-11 00:00:00-04:00,188.41593303150896,187.34017944335935,46638100,-1.0757535881496096,0.5294072923438193,-303.1996165725216,2.3307919112697846,54761970.0,-14.834875370626733,False
92,2023-07-12 00:00:00-04:00,188.93388677529288,189.02354431152344,60750200,0.08965753623056116,0.40838633249124856,-78.04590185875468,2.3307919112697846,55085735.0,10.282997948561457,False
93,2023-07-13 00:00:00-04:00,189.7506761107689,189.7905120849609,41342300,0.03983597419201601,0.3849787096131777,-89.6524214983102,2.3307919112697846,54406395.0,-24.012057773723107,False
94,2023-07-14 00:00:00-04:00,189.48172886317428,189.9399261474609,41573900,0.4581972842866264,0.37900255483871065,20.895566121346622,2.3307919112697846,53611945.0,-22.45403519682041,False
95,2023-07-17 00:00:00-04:00,191.14513835905836,193.2269287109375,50520200,2.0817903518791354,0.38099585786373924,446.407607566084,2.0817903518791354,52866295.0,-4.437789710816693,False
96,2023-07-18 00:00:00-04:00,192.58946161253755,192.96795654296875,48353800,0.3784949304312022,0.4900644992530587,-22.76630300540183,2.0817903518791354,50222205.0,-3.720276718236485,False
97,2023-07-19 00:00:00-04:00,192.34044756295265,194.33258056640625,80507300,1.9921330034536027,0.5597896104882579,255.87173576087463,2.0817903518791354,51757615.0,55.54677316564915,False
98,2023-07-20 00:00:00-04:00,194.3226126676721,192.37033081054688,59581200,-1.9522818571252287,0.5089900059056831,-483.5599588348283,2.0817903518791354,52260890.0,14.007243275037988,False
99,2023-07-21 00:00:00-04:00,193.3365201768351,191.1850128173828,71917800,-2.151507359452296,0.23905608590888364,-1000.0010818684383,2.0817903518791354,53294515.0,34.94409321484584,False
100,2023-07-24 00:00:00-04:00,192.64921352741987,191.99180603027344,45377800,-0.657407497146437,0.14990847304559196,-538.5392525120967,2.0817903518791354,52909440.0,-14.234964497828743,False
101,2023-07-25 00:00:00-04:00,192.5695305926833,192.8583831787109,37283200,0.2888525860276161,0.24204416767101405,19.338792091955693,2.0817903518791354,52369165.0,-28.806961119200583,False
102,2023-07-26 00:00:00-04:00,192.90820253361852,193.7349395751953,47471900,0.8267370415767914,0.1753079026696426,371.5914279886906,2.0817903518791354,52206220.0,-9.06849796824976,False
103,2023-07-27 00:00:00-04:00,195.248950040914,192.4599609375,47460200,-2.7889891034139964,-0.029882306129142933,9233.2458725266,2.0817903518791354,52018390.0,-8.762651054751982,False
104,2023-07-28 00:00:00-04:00,193.90426683539943,195.0597076416016,48291400,1.155440806202165,0.002490312789709037,46297.416861725396,2.0817903518791354,52115595.0,-7.337909122979408,False
105,2023-07-31 00:00:00-04:00,195.2887960245621,195.67726135253903,38824100,0.3884653279769452,-0.09462601637493293,-510.5269806960323,1.9921330034536027,49803320.0,-22.04515682890217,False
106,2023-08-01 00:00:00-04:00,195.46808764669956,194.84056091308597,35175100,-0.6275267336135926,-0.06026235677693563,941.324580013385,1.9921330034536027,49989165.0,-29.63455180737666,False
107,2023-08-02 00:00:00-04:00,194.27280966361195,191.82249450683597,50389300,-2.4503151567759858,-0.17082504287683092,1334.4004342166177,1.155440806202165,50162615.0,0.451900284704057,False
108,2023-08-03 00:00:00-04:00,190.8164655019149,190.41802978515625,61235200,-0.3984357167586552,-0.2888594390108096,37.93411706506327,1.155440806202165,50969660.0,20.140491421759535,False
109,2023-08-04 00:00:00-04:00,184.79026832517823,181.27415466308597,115799700,-3.516113662092266,-0.42830814886310975,720.930834826596,1.155440806202165,54420745.0,112.7859513867368,False
110,2023-08-07 00:00:00-04:00,181.41358099979877,178.146484375,97576100,-3.267096624798768,-0.5592911228535087,484.14955848575056,1.155440806202165,56303440.0,73.30397574286758,False
111,2023-08-08 00:00:00-04:00,178.98317500726142,179.09274291992188,67823000,0.1095679126604523,-0.5000250478130056,-121.91248481244631,1.155440806202165,57362685.0,18.235399894548173,False
112,2023-08-09 00:00:00-04:00,180.1585408588124,177.4890899658203,60378500,-2.6694508929920744,-0.6379804692741373,318.42203978896777,1.155440806202165,57344100.0,5.291564432958229,False
113,2023-08-10 00:00:00-04:00,178.774013458841,177.26995849609375,54686900,-1.5040549627472615,-0.7151750161211012,110.30585924335176,1.155440806202165,58011330.0,-5.730656407980993,False
114,2023-08-11 00:00:00-04:00,176.86103401179025,177.32980346679688,51988100,0.4687694550066226,-0.7146464075851015,-165.59460035497352,0.4687694550066226,58532040.0,-11.1800989680182,False
115,2023-08-14 00:00:00-04:00,177.5093347104991,178.9954833984375,43675600,1.486148687938396,-0.7444284907821384,-299.6361915671665,1.486148687938396,58189810.0,-24.942872300150146,False
116,2023-08-15 00:00:00-04:00,178.41698331344688,176.9906768798828,43622600,-1.426306433564065,-0.8346685589819017,70.88297123636974,1.486148687938396,57953250.0,-24.727948820816778,False
117,2023-08-16 00:00:00-04:00,176.6715088360585,176.1129608154297,46964900,-0.5585480206288196,-0.9622026101860228,-41.951101076223914,1.486148687938396,56276130.0,-16.545611789581123,False
118,2023-08-17 00:00:00-04:00,176.68149345468237,173.54962158203125,66062900,-3.131871872651118,-1.0211821109623174,206.6908281128994,1.486148687938396,56600215.0,16.718461228459997,False
119,2023-08-18 00:00:00-04:00,171.85401162617282,174.03834533691406,61114200,2.1843337107412424,-0.8043900574526404,-371.55155518190236,2.1843337107412424,56060035.0,9.01562940515467,False
120,2023-08-21 00:00:00-04:00,174.61684598938066,175.3848419189453,46311900,0.7679959295646483,-0.7331198861170861,-204.75720876053174,2.1843337107412424,56106740.0,-17.45751045239841,False
121,2023-08-22 00:00:00-04:00,176.60168210151676,176.771240234375,42084200,0.16955813285824206,-0.7390846087755548,-122.94164035416053,2.1843337107412424,56346790.0,-25.312160639496945,False
122,2023-08-23 00:00:00-04:00,178.05792305417845,180.65118408203125,52722800,2.5932610278528045,-0.6507584094617542,-498.4982737292176,2.5932610278528045,56609335.0,-6.865537282852731,False
123,2023-08-24 00:00:00-04:00,180.2023353282038,175.92344665527344,54945800,-4.27888867293035,-0.7252533879375719,489.9853408611263,2.5932610278528045,56983615.0,-3.576142019069868,False
124,2023-08-25 00:00:00-04:00,176.920862636065,178.14767456054688,51449600,1.226811924481865,-0.7216848320235869,-269.99275446068526,2.5932610278528045,57141525.0,-9.96110096816632,False
125,2023-08-28 00:00:00-04:00,179.6238397948552,179.7235870361328,43820700,0.09974724127761192,-0.7361207363585536,-113.55039144407779,2.5932610278528045,57391355.0,-23.64581738835056,False
126,2023-08-29 00:00:00-04:00,179.23485995024538,183.64341735839844,53003900,4.408557408153058,-0.484316529270221,-1010.263668844004,4.408557408153058,58282795.0,-9.05738134212678,False
127,2023-08-30 00:00:00-04:00,184.4612992752611,187.16427612304688,60813900,2.702976847785777,-0.22665192904213285,-1292.56732524139,4.408557408153058,58804025.0,3.4179207970882945,False
128,2023-08-31 00:00:00-04:00,187.3537916380428,187.3837127685547,60794500,0.02992113051189449,-0.20523408667860538,-114.57902583148903,4.408557408153058,58781990.0,3.423684703427019,False
129,2023-09-01 00:00:00-04:00,188.99952562202012,188.9696044921875,45732600,-0.029921129832615634,-0.030924460065622838,-3.244455136413378,4.408557408153058,55278635.0,-17.268941246468913,False
130,2023-09-05 00:00:00-04:00,187.79264653310435,189.2089691162109,45280000,1.4163225831065631,0.2032465003296437,596.8496780064809,4.408557408153058,52663830.0,-14.020685544518885,False
131,2023-09-06 00:00:00-04:00,187.9123337350437,182.43655395507807,81755800,-5.47577977996562,-0.07602088430165992,7102.994059154948,4.408557408153058,53360470.0,53.214167716288856,False
132,2023-09-07 00:00:00-04:00,174.72655833279825,177.10040283203125,112488800,2.3738444992330017,0.17614388530959388,1247.673519895787,4.408557408153058,55965985.0,100.99494362513231,False
133,2023-09-08 00:00:00-04:00,177.8883538719981,177.71878051757812,65551300,-0.16957335441998111,0.2428679657259579,-169.8212108431462,4.408557408153058,56509205.0,16.00110105955304,False
134,2023-09-11 00:00:00-04:00,179.6039055932151,178.89573669433594,58953100,-0.7081688988791655,0.1840210480316685,-484.83038024938077,4.408557408153058,56857455.0,3.6857875541562666,False
135,2023-09-12 00:00:00-04:00,179.0254037112626,175.84365844726562,90370200,-3.181745263996987,-0.049373649565100666,6344.21729408874,4.408557408153058,59192185.0,52.67251918475387,False
136,2023-09-13 00:00:00-04:00,176.05309799011047,173.75906372070312,84267900,-2.294034269407348,-0.09276004135726482,2373.0845694342534,2.702976847785777,61224450.0,37.63765946447865,False
137,2023-09-14 00:00:00-04:00,173.5496240133427,175.28512573242188,60895800,1.735501719079167,0.02194244562813452,7809.335852945732,2.3738444992330017,61920995.0,-1.6556500747444385,False
138,2023-09-15 00:00:00-04:00,176.02317240043635,174.55697631835938,109205100,-1.4661960820769764,0.1052262351568416,-1493.3750265716385,2.3738444992330017,64078105.0,70.42498369762963,False
139,2023-09-18 00:00:00-04:00,176.02318966025513,177.50933837890625,67257600,1.4861487186511226,0.0703169855523356,2013.498903540184,2.3738444992330017,64385275.0,4.461152025831994,False
140,2023-09-19 00:00:00-04:00,177.060500163931,178.6064910888672,51826900,1.5459909249361772,0.10921673532091206,1315.525670487755,2.3738444992330017,64661025.0,-19.848316663708935,False
141,2023-09-20 00:00:00-04:00,178.79598177702323,175.03575134277344,58436200,-3.7602304342497916,-0.08727269303448963,4208.599062897912,2.3738444992330017,65478625.0,-10.755303734615685,False
142,2023-09-21 00:00:00-04:00,174.09820292251132,173.47979736328125,63047900,-0.6184055592300695,-0.24785602238863333,149.50192989881108,1.735501719079167,65994880.0,-4.465467624155086,False
143,2023-09-22 00:00:00-04:00,174.21787041800854,174.33755493164062,56725400,0.11968451363208032,-0.02792736306051182,-528.5564425569038,1.735501719079167,66083860.0,-14.161491171974518,False
144,2023-09-25 00:00:00-04:00,173.74908327896154,175.6242218017578,46172700,1.8751385227962771,0.004488966855208787,41672.16235447259,1.8751385227962771,65820015.0,-29.850061565619516,False
145,2023-09-26 00:00:00-04:00,174.3674901491058,171.514892578125,64588900,-2.852597570980805,-0.14312827375771206,1893.0356847660237,1.8751385227962771,66858425.0,-3.3945235772455007,False
146,2023-09-27 00:00:00-04:00,172.17316413415114,169.98883056640625,66921800,-2.1843335677448863,-0.4727728225526093,362.02604370343596,1.8751385227962771,67554320.0,-0.9363131773067955,False
147,2023-09-28 00:00:00-04:00,168.90167248987925,170.24818420410156,56294400,1.3465117142223164,-0.5405960792307823,-349.0790751087719,1.8751385227962771,67328345.0,-16.388261140237443,False
148,2023-09-29 00:00:00-04:00,171.5747313281895,170.76683044433594,51814200,-0.8079008838535628,-0.5824871799490552,38.69848327378167,1.8751385227962771,66879330.0,-22.525838700836267,False
149,2023-10-02 00:00:00-04:00,170.77681236510975,173.30026245117188,52164500,2.5234500860621267,-0.4548186191543181,-654.8255897601963,2.5234500860621267,67200925.0,-22.37532444679891,False
150,2023-10-03 00:00:00-04:00,171.81411359767475,171.95375061035156,49594600,0.13963701267681472,-0.5186528976758055,-126.92301793792303,2.5234500860621267,67416655.0,-26.4356856625414,False
151,2023-10-04 00:00:00-04:00,170.64713998312988,173.2104949951172,53020300,2.563355011987312,-0.11669615807815888,-2296.6061729902617,2.563355011987312,65979880.0,-19.641715019790883,False
152,2023-10-05 00:00:00-04:00,173.34014883218975,174.45726013183594,48527900,1.117111299646183,-0.17953281805749982,-722.2323649419909,2.563355011987312,62781835.0,-22.70391586993276,False
153,2023-10-06 00:00:00-04:00,173.35014256002898,177.0305938720703,57224100,3.6804513120413276,0.012968415265565626,28280.116125783254,3.6804513120413276,62365475.0,-8.243944265637358,False
154,2023-10-09 00:00:00-04:00,176.35233773828827,178.52670288085938,42390800,2.174365142571105,0.15709511733807915,1284.1073990171994,3.6804513120413276,61537360.0,-31.113716935533144,False
155,2023-10-10 00:00:00-04:00,177.63901050882285,177.92825317382812,43698000,0.2892426650052755,0.33064451378819226,-12.521559274816333,3.6804513120413276,59203750.0,-26.190486244536874,False
156,2023-10-11 00:00:00-04:00,177.7387302034045,179.3345947265625,47551100,1.5958645231580135,0.5251394534164604,203.89347301476081,3.6804513120413276,57367910.0,-17.112023080499185,False
157,2023-10-12 00:00:00-04:00,179.60390574966783,180.24224853515625,56743100,0.6383427854884189,0.4702815067369229,35.7363145996532,3.6804513120413276,57160275.0,-0.7298337875386359,False
158,2023-10-13 00:00:00-04:00,180.9503941070408,178.38705444335938,51427100,-2.5633396636814325,0.4154243276567001,-717.041298024254,3.6804513120413276,54271375.0,-5.24083828721863,False
159,2023-10-16 00:00:00-04:00,176.2924984636196,178.2574005126953,52517000,1.9649020490757039,0.4393619941779292,347.21711825624453,3.6804513120413276,53534345.0,-1.9003594795079681,False
160,2023-10-17 00:00:00-04:00,176.1927462456331,176.6914520263672,57549400,0.4987057807340989,0.3869977369678253,28.86529638171008,3.6804513120413276,53820470.0,6.928460490961896,False
161,2023-10-18 00:00:00-04:00,175.12552039693168,175.3848419189453,54764400,0.2593215220136358,0.5879753347809966,-55.89585027232045,3.6804513120413276,53636880.0,2.102135694693651,False
162,2023-10-19 00:00:00-04:00,175.5843294448986,175.00584411621094,59302900,-0.5784853286876626,0.589971346308117,-198.05312280124608,3.6804513120413276,53449630.0,10.951001905906551,False
163,2023-10-20 00:00:00-04:00,174.85621309141914,172.43251037597656,64189300,-2.423702715442573,0.46280198485438434,-623.7018843394039,2.174365142571105,53822825.0,19.26036955510975,False
164,2023-10-23 00:00:00-04:00,170.46761380432906,172.5522003173828,55980100,2.0845865130537504,0.473274384367258,340.4604563250827,2.0845865130537504,54313195.0,3.069060842397506,False
165,2023-10-24 00:00:00-04:00,172.6020684613408,172.99105834960938,43816600,0.3889898882685827,0.6353537573297274,-38.77585773578578,2.0845865130537504,53274580.0,-17.753269946004266,False
166,2023-10-25 00:00:00-04:00,171.4351148591958,170.65713500976562,57157000,-0.7779798494301815,0.7056714432454626,-210.24675249038907,2.0845865130537504,52786340.0,8.279907263886832,False
167,2023-10-26 00:00:00-04:00,169.92901121450438,166.45802307128906,70625300,-3.4709881432153225,0.4647964503735807,-846.7759576101564,2.0845865130537504,53502885.0,32.002788260857336,False
168,2023-10-27 00:00:00-04:00,166.47796968744774,167.78457641601562,58499100,1.3066067285678855,0.5705218309946531,129.01958480535882,2.0845865130537504,53837130.0,8.659395476690529,False
169,2023-10-30 00:00:00-04:00,168.58249574245585,169.8491973876953,51131000,1.2667016452394648,0.50768440895352,149.50572105424556,2.0845865130537504,53785455.0,-4.935265491386101,False
170,2023-10-31 00:00:00-04:00,168.9116498560739,170.32797241210938,44846000,1.4163225560354817,0.5715186861214534,147.81736633095827,2.0845865130537504,53548025.0,-16.25087946754339,False
171,2023-11-01 00:00:00-04:00,170.5573703976512,173.51968383789062,56934900,2.962313440239427,0.5914666075340591,400.84204289907353,2.962313440239427,53743755.0,5.937703831821948,False
172,2023-11-02 00:00:00-04:00,175.06568529128302,177.11038208007812,77334800,2.0446967887951075,0.6378458819915054,220.56282662060647,2.962313440239427,55184100.0,40.139641672148315,False
173,2023-11-03 00:00:00-04:00,173.78899868906478,176.1927490234375,79763700,2.4037503343727167,0.5740108331080748,318.76393192045185,2.962313440239427,56311080.0,41.64832214193015,False
174,2023-11-06 00:00:00-05:00,175.92345372436816,178.7660675048828,63841300,2.842613780514654,0.6074232650052522,367.9790755940299,2.962313440239427,57383605.0,11.253554042134509,False
175,2023-11-07 00:00:00-05:00,178.71618427838777,181.349365234375,70530000,2.6331809559872283,0.7246201795543499,263.3877485452677,2.962313440239427,58725205.0,20.10175187979335,False
176,2023-11-08 00:00:00-05:00,181.8779999252986,182.4165954589844,49340300,0.5385955336857933,0.6717567300807389,-19.82283026460202,2.962313440239427,58814665.0,-16.108848022852804,False
177,2023-11-09 00:00:00-05:00,182.48641506319984,181.93783569335935,53763500,-0.5485793698404962,0.6124106223142931,-189.577050079148,2.962313440239427,58665685.0,-8.356136981951204,False
178,2023-11-10 00:00:00-05:00,183.73554918405551,186.16244506835935,66133400,2.426895884303832,0.8619223997135563,181.56779370281652,2.962313440239427,59401000.0,11.333815929024764,False
179,2023-11-13 00:00:00-05:00,185.5832033078345,184.5644989013672,43627500,-1.0187044064673216,0.712742076936405,-242.92749641582006,2.962313440239427,58956525.0,-26.00055719023467,False
180,2023-11-14 00:00:00-05:00,187.46078926458037,187.2011260986328,60108400,-0.2596631659475577,0.6748236296023222,-138.4786712493424,2.962313440239427,59084475.0,1.7329848492349302,False
181,2023-11-15 00:00:00-05:00,187.61060123560037,187.7703857421875,53790500,0.15978450658712973,0.669846778830997,-76.14611107543394,2.842613780514654,59035780.0,-8.884916909711364,False
182,2023-11-16 00:00:00-05:00,189.32842548097503,189.4682464599609,54412900,0.13982097898588108,0.7057620942146741,-80.18865278653641,2.842613780514654,58791280.0,-7.44732892360908,False
183,2023-11-17 00:00:00-05:00,190.0075413320201,189.44825744628903,50922700,-0.5592838857310767,0.798983035700249,-169.99946941813428,2.842613780514654,58127950.0,-12.395499927315518,False
184,2023-11-20 00:00:00-05:00,189.6479994473329,191.2060089111328,46505100,1.5580094637999196,0.7726541832375574,101.6438269021705,2.6331809559872283,57654200.0,-19.33787998099011,False
185,2023-11-21 00:00:00-05:00,191.16607193396044,190.3970489501953,38134500,-0.7690229837651259,0.714753539635872,-207.5927492652784,2.426895884303832,57370095.0,-33.528957900453186,False
186,2023-11-22 00:00:00-05:00,191.2459711599096,191.06619262695312,39617700,-0.17977853295647606,0.7446636054595572,-124.14224780671651,2.426895884303832,56493130.0,-29.871649880259778,False
187,2023-11-24 00:00:00-05:00,190.6267522263334,189.7279052734375,24048300,-0.8988469528958944,0.8732706649755286,-202.92879274962047,2.426895884303832,54164280.0,-55.601182181319494,False
188,2023-11-27 00:00:00-05:00,189.67796542618484,189.54812622070312,40552600,-0.12983920548171568,0.8014483682730486,-116.20057019536912,1.5580094637999196,53266955.0,-23.869122986286715,False
189,2023-11-28 00:00:00-05:00,189.53814363581148,190.1573486328125,38415400,0.6192049970010203,0.7690735358611264,-19.486893238667914,1.5580094637999196,52631175.0,-27.01017980312999,False
190,2023-11-29 00:00:00-05:00,190.6567110591483,189.128662109375,43014200,-1.5280489497733072,0.6218549605706869,-345.72433230587893,1.5580094637999196,52539585.0,-18.12992051612132,False
191,2023-11-30 00:00:00-05:00,189.59805583906356,189.7079162597656,48794400,0.10986042070203439,0.47923230959381724,-77.07574833692897,1.5580094637999196,52132560.0,-6.403215188358293,False
192,2023-12-01 00:00:00-05:00,190.08744814709164,190.9962921142578,45679300,0.9088439671661774,0.42243966851237075,115.1417196132855,1.5580094637999196,50549785.0,-9.635026143038987,False
193,2023-12-04 00:00:00-05:00,189.73788550270768,189.18858337402344,43389500,-0.5493021286842463,0.2747870453595226,-299.901028072687,1.5580094637999196,48731075.0,-10.96133216843667,False
194,2023-12-05 00:00:00-05:00,189.9676069826232,193.1735076904297,66628400,3.205900707806478,0.29295139172411383,994.3456144511599,3.205900707806478,48870430.0,36.33684008919095,False
195,2023-12-06 00:00:00-05:00,194.20219588541244,192.07492065429688,41089700,-2.1272752311155614,0.054928582368974334,-3972.801990093092,3.205900707806478,47398415.0,-13.309970386140549,False
196,2023-12-07 00:00:00-05:00,193.3832466328422,194.02243041992188,47477700,0.6391837870796735,0.059957995038668346,966.052636795891,3.205900707806478,47305285.0,0.36447301818390904,False
197,2023-12-08 00:00:00-05:00,193.95250119525352,195.4605865478516,53377300,1.5080853525980729,0.1627912311605968,826.3922521172634,3.205900707806478,47285975.0,12.881885167853682,False
198,2023-12-11 00:00:00-05:00,192.86390450431705,192.93380737304688,60943700,0.06990286872982665,0.04494158038189653,55.54163457497165,3.205900707806478,47026490.0,29.594405195880025,False
199,2023-12-12 00:00:00-05:00,192.83394068150255,194.4618682861328,52696900,1.6279276046302584,0.17727318093677552,818.3157858553116,3.205900707806478,47479960.0,10.98766721791678,False
200,2023-12-13 00:00:00-05:00,194.8413651852308,197.7077178955078,70404200,2.866352710276999,0.3335739747480034,759.285474066845,3.205900707806478,47994750.0,46.69146104521849,False
201,2023-12-14 00:00:00-05:00,197.7676470402107,197.85752868652344,66831600,0.08988164631273321,0.33007883173428354,-72.76964237891852,3.205900707806478,48646805.0,37.381273035300055,False
202,2023-12-15 00:00:00-05:00,197.2782644882836,197.31822204589844,128256700,0.039957557614826555,0.3250856606657308,-87.70860654604114,3.205900707806478,52338995.0,145.04998615277194,False
203,2023-12-18 00:00:00-05:00,195.84009240695235,195.64035034179688,55751900,-0.1997420651554762,0.34306275169451084,-158.2231863322025,3.205900707806478,52580455.0,6.031604329023018,False
204,2023-12-19 00:00:00-05:00,195.9100211150961,196.68902587890625,40714100,0.7790047638101498,0.3041125166950224,156.15675812231387,2.866352710276999,52290905.0,-22.13923243439753,False
205,2023-12-20 00:00:00-05:00,196.64906488656985,194.5817108154297,52242800,-2.0673540711401586,0.23919596232627072,-964.2930470206782,2.866352710276999,52996320.0,-1.421834572664668,False
206,2023-12-21 00:00:00-05:00,195.8500884718821,194.431884765625,46482500,-1.4182037062570885,0.1772747036612401,-900.003427994543,2.866352710276999,53339560.0,-12.855486621936889,False
207,2023-12-22 00:00:00-05:00,194.93125981716423,193.3532867431641,37122800,-1.5779730740001412,0.14331839760602777,-1201.0261769308072,2.866352710276999,53993285.0,-31.24552432770112,False
208,2023-12-26 00:00:00-05:00,193.3632695092693,192.80398559570312,28919300,-0.559283913566162,0.12184616220180544,-559.0082309197876,2.866352710276999,53411620.0,-45.85578943308591,False
209,2023-12-27 00:00:00-05:00,192.2446918123762,192.90383911132807,48087700,0.659147298951865,0.12384327729934767,432.24310057509837,2.866352710276999,53895235.0,-10.775600106391595,False
210,2023-12-28 00:00:00-05:00,193.8925816105714,193.3332977294922,34049900,-0.5592838810792102,0.17228153073405253,-424.6336845837325,0.7790047638101498,53447020.0,-36.292238556985964,False
211,2023-12-29 00:00:00-05:00,193.6528866387712,192.28463745117188,42628800,-1.3682491875993321,0.09837605031898419,-1490.835658844593,0.7790047638101498,53138740.0,-19.77830110386509,False
212,2024-01-02 00:00:00-05:00,186.91148197073747,185.4034118652344,82488700,-1.5080701055030659,-0.022469653314477967,6611.58599732985,0.7790047638101498,54979210.0,50.03616821704059,False
213,2024-01-03 00:00:00-05:00,183.98523720408437,184.01519775390625,58414500,0.029960549821879567,0.006493480610828328,361.39430634347747,0.7790047638101498,55730460.0,4.816109538661622,False
214,2024-01-04 00:00:00-05:00,181.91786126981447,181.6781768798828,71983600,-0.23968438993165364,-0.16578577427607827,44.57476280957264,0.659147298951865,55998220.0,28.54622879084371,False
215,2024-01-05 00:00:00-05:00,181.75807721578167,180.9490966796875,62303300,-0.8089805360941682,-0.0998710395250086,710.0251483730599,0.659147298951865,57058900.0,9.19120417673667,False
216,2024-01-08 00:00:00-05:00,181.85793785162855,185.32351684570312,59144500,3.4655789940745763,0.04144872082473654,8261.124119435608,3.4655789940745763,57642240.0,2.6061790797859348,False
217,2024-01-09 00:00:00-05:00,183.68560631116785,184.904052734375,42841800,1.2184464232071548,0.026966774355190636,4418.324687849161,3.4655789940745763,57115465.0,-24.990893447160065,False
218,2024-01-10 00:00:00-05:00,184.1150616539879,185.9527130126953,46792900,1.8376513587074044,0.11535419885406953,1493.051121643306,3.4655789940745763,56407925.0,-17.04552152911138,False
219,2024-01-11 00:00:00-05:00,186.30227140341125,185.35348510742188,49128400,-0.9487862959893789,-0.013481496176912345,6937.692875767136,3.4655789940745763,56229500.0,-12.628780266586045,False
220,2024-01-12 00:00:00-05:00,185.8228806652798,185.6830596923828,40444700,-0.13982097289698459,-0.16379018033561152,-14.634093075368273,3.4655789940745763,54731525.0,-26.103465964085597,False
221,2024-01-16 00:00:00-05:00,181.92785303160176,183.3959808349609,65603000,1.4681278033591525,-0.09487787248329056,-1647.3869353654743,3.4655789940745763,54670095.0,19.99796232291164,False
222,2024-01-17 00:00:00-05:00,181.0389977857893,182.4471893310547,47317400,1.408191545265396,-0.026466173100762092,-5420.722190942094,3.4655789940745763,50623130.0,-6.530078246840921,False
223,2024-01-18 00:00:00-05:00,185.85284631994,188.38961791992188,78005800,2.5367715999818756,0.1103595101561055,2198.643403177095,3.4655789940745763,51735825.0,50.77714523736695,False
224,2024-01-19 00:00:00-05:00,189.0887183865945,191.3158721923828,68741000,2.227153805788305,0.18276696225501327,1118.5757088202708,3.4655789940745763,53137170.0,29.365188247699304,False
225,2024-01-22 00:00:00-05:00,192.05492857381827,193.6428985595703,60133900,1.5879699857520393,0.36553316509962314,334.42569303369527,3.4655789940745763,53531725.0,12.333200546031348,False
226,2024-01-23 00:00:00-05:00,194.77147463800853,194.93125915527344,42355600,0.15978451726491016,0.4444325762757231,-64.04752356276852,2.5367715999818756,53325380.0,-20.571405210802062,False
227,2024-01-24 00:00:00-05:00,195.170946656038,194.2521209716797,53631300,-0.9188256843583247,0.4773899457578139,-292.4685872677463,2.5367715999818756,54150805.0,-0.959367086047936,False
228,2024-01-25 00:00:00-05:00,194.97121130627824,193.92254638671875,54822100,-1.048664919559485,0.45292089545814773,-331.533791016358,2.5367715999818756,55445945.0,-1.1251408917279704,False
229,2024-01-26 00:00:00-05:00,194.02242258765,192.17477416992188,44594000,-1.8476484177281236,0.3275811096241483,-664.0277670003717,2.5367715999818756,55271260.0,-19.31792399883773,False
230,2024-01-29 00:00:00-05:00,191.7652986896417,191.48565673828125,47145600,-0.27964195136044623,0.3415632061100865,-181.87121632483948,2.5367715999818756,55926045.0,-15.700100016012218,False
231,2024-01-30 00:00:00-05:00,190.6966673703197,187.80035400390625,55859400,-2.8963133664134375,0.26515999716938127,-1192.2889566043045,2.5367715999818756,56587575.0,-1.286810753067259,False
232,2024-01-31 00:00:00-05:00,186.8016282425468,184.1649932861328,55467800,-2.6366349564139853,0.20873175462383528,-1363.1690665206077,2.5367715999818756,55236530.0,0.418690312371179,False
233,2024-02-01 00:00:00-05:00,183.7555342649372,186.6218719482422,64885400,2.8663376833049767,0.35055061129799014,717.6672899504399,2.8663376833049767,55560075.0,16.784219603735234,False
234,2024-02-02 00:00:00-05:00,179.6307873390829,185.6131591796875,102518000,5.9823718406046,0.6616534228248028,804.1548995641867,5.9823718406046,57086795.0,79.58268632877358,True
235,2024-02-05 00:00:00-05:00,187.9102134030252,187.44081115722656,69668800,-0.46940224579864775,0.6786323373395788,-169.1688591850531,5.9823718406046,57455070.0,21.25788028802332,False
236,2024-02-06 00:00:00-05:00,186.62186866256275,189.0587615966797,43490800,2.4368929341169405,0.6271980343416971,288.53644314665104,5.9823718406046,56672385.0,-23.259273453905283,False
237,2024-02-07 00:00:00-05:00,190.39705313348983,189.1686248779297,53439000,-1.2284282555601465,0.504854300403332,-343.32332211070513,5.9823718406046,57202245.0,-6.57884144232451,False
238,2024-02-08 00:00:00-05:00,189.14864558456097,188.08001708984372,40962000,-1.0686284947172453,0.3595403077320995,-397.2207765682565,5.9823718406046,56910700.0,-28.024079830330678,False
239,2024-02-09 00:00:00-05:00,188.6499938964844,188.8500061035156,45155200,0.20001220703119316,0.41698023288312813,-52.033168179640576,5.9823718406046,56712040.0,-20.378106659538258,False
240,2024-02-12 00:00:00-05:00,188.4199981689453,187.1499938964844,41781900,-1.270004272460909,0.3604710679049319,-452.31794880022136,5.9823718406046,56778900.0,-26.412980878460132,False
241,2024-02-13 00:00:00-05:00,185.7700042724609,185.0399932861328,56529500,-0.7300109863280966,0.2505641284205694,-391.346966115908,5.9823718406046,56325225.0,0.3626705441478485,False
242,2024-02-14 00:00:00-05:00,185.32000732421875,184.1499938964844,54630500,-1.1700134277343466,0.12165387977058231,-1061.7559505219108,5.9823718406046,56690880.0,-3.634411743123409,False
243,2024-02-15 00:00:00-05:00,183.5500030517578,183.8600006103516,65434500,0.3099975585937784,0.010315177701177448,2905.2565992963273,5.9823718406046,56062315.0,16.717442010733947,False
244,2024-02-16 00:00:00-05:00,183.4199981689453,182.30999755859372,49701400,-1.110000610351591,-0.15654254310581733,609.0728107063323,2.4368929341169405,55110335.0,-9.81473801601823,False
245,2024-02-20 00:00:00-05:00,181.7899932861328,181.55999755859372,53665600,-0.22999572753909092,-0.24744082877037385,-7.050211284036742,2.4368929341169405,54786920.0,-2.0466928967717113,False
246,2024-02-21 00:00:00-05:00,181.94000244140625,182.32000732421875,41529700,0.3800048828125,-0.23642981049299436,-260.72629843932475,0.3800048828125,54745625.0,-24.14060484285274,False
247,2024-02-22 00:00:00-05:00,183.47999572753903,184.3699951171875,52292200,0.8899993896484659,-0.14598855679265482,-709.6364052098396,0.8899993896484659,54678670.0,-4.364535567525691,False
248,2024-02-23 00:00:00-05:00,185.00999450683597,182.5200042724609,45074500,-2.489990234375057,-0.21805482253343342,1041.9101882019954,0.8899993896484659,54191290.0,-16.823349287311668,False
249,2024-02-26 00:00:00-05:00,182.2400054931641,181.16000366210935,40867400,-1.0800018310547443,-0.17967249319976447,501.0946983709803,0.8899993896484659,54004960.0,-24.3265803733583,False
250,2024-02-27 00:00:00-05:00,181.1000061035156,182.6300048828125,54318900,1.5299987792969034,-0.08919045666689698,-1815.4287986337467,1.5299987792969034,54363625.0,-0.08227008408655603,False
251,2024-02-28 00:00:00-05:00,182.50999450683597,180.6210021972656,36390946,-1.8889923095703693,-0.03882440382474357,4765.476667967472,1.5299987792969034,53390202.3,-31.839655157103607,False
